Ale Alfr_Alf Alfgeir Anders_Andrew Anlaufr Anundr_Anund Arnbjörn Arngrimr Arni_Arne Arnfast Asbjörn_Asbjörn Bagge Baldr_Balder Barid Bengt_Benedict Bersi Bertil Birger Björn_Beorn Bo Borkvard Botulfr Bragi_Brage Buðli Dag Dan Dyre Eilif Egill_Egil Emund Einarr_Einar Eirikr_Erik Eskild Falki Faste Filip_Philip 
    Fredrik_Frederick Frirek Froði_Frode Freyr_Frej Folki_Folke Gandalfr Geirr Georg_George Gnupa_Gnupa Gorm_Gorm Greger_Gregory Grimr_Grim Guðfrið_Godfrey Guðmundr_Gudmund Guðröðr_Gudröd Gunnarr_Gunnar Hakon_Hakon Halsten Haraldr_Harold Haukr Helgi_Helge
    Hemming Holmger Hrafn Hrolfr_Rolf Hrane Hæsteinn Hjalmar_Hjalmar Hroðgar Hroðulfr Hrörekr_Rurik Hysing Ingólfr_Ingolf Ingemar Ingjald Ivar_Ivar Jedvard_Edward Jon_John Karl_Charles Kettil Kettilmund Kjartan Klas Knut_Knut Kol Kolbjörn Magnus_Magnus Markus_Marcus 
            Mats_Matthew Nils_Nicholas Niklas_Nicholas Oddr_Odd Ofeig Olafr_Olaf Ormr_Orm Ottarr_Ottar Refr Refil Ragnarr_Ragnar Rikulfr Rögnvaldr_Ragnvald Skuli_Skule Snorri Sigbjörn Sigtrygg Sigurðr_Sigurd Starkaðr_Starkad Steinn_Sten Sturla Styrbjörn Styrkar Sumarliði_Somerled Suni_Sune Sveinn_Sven
            Sverker Sæmundr_Sämund Sölvi_Sölve Sörkver Tjudmund_Tjudmund Toke_Toke Tolir Þorbjörn_Torbjörn Þorfinn_Torfinn Þorbrandr_Torbrand Þordr_Tord Þorgil_Torkel Þorsteinn_Torsten Þorolfr_Thorolf Toste Totil Tryggve Tyke Ulfr_Ulf Vagn Valdemar_Vladimir Åke Yngvar_Ingvar Örvar_Orvar Öysteinn_Eysteinn

Adalbero_Adalbero Adalbert_Albert Adalhard_Adalhard Adam_Adam Ademar_Adémar Adolf_Adolf Alarich_Alaric Alberich_Aubrey Albrecht_Albert Aldrich_Aldric
            Alois_Louis Amadeus_Amadeus Amalrich_Amalric Andreas_Andrew Anselm_Anselm Arnold_Arnold Arnulf_Arnulf Augustin_August Baldarich_Baldric
            Baldewin_Baldwin Baldomar Baldur_Balder Berengar_Berengar Bernhard_Bernard Berthold_Berthold Burchard_Bouchard Christopher_Christopher
            Dieter_Dieter Dietmar_Dietmar Dietpold Dietrich_Thierry Dietwin Eberhard_Everard Eginolf Ehrenfried Ekbert_Egbert Ekkehard_Ekkehard Emelrich_Aymeric
            Emich Emmerich_Aymeric Emund_Emund Engelbert_Engelbert Erich_Erik Ernst_Ernest Ferdinand_Ferdinand Filibert_Filibert Folkhard Folkmar Franz_Francis Friedrich_Frederick
            Gautselin_Joscelin Gebhard_Gebhard Georg_George Gerhard_Gerard Gerlach_Gerlach Giselbert_Gilbert Gottfried_Godfrey Gotthard Gottschalk_Gottschalk
            Gotzelo Guntram Gunzelin_Günther Günther_Günther Hans_Hans Hartmann Hartwig Heinrich_Henry Helferich Heribert_Herbert Hermann_Herman Hesso
            Hugo_Hugh Humbert_Humbert Hupold Jakob_Jacob Johann_John Jürgen_George Karl_Charles Karlmann_Carloman Kaspar_Caspar Konrad_Konrad Kuno_Konrad
            Lambert_Lambert Landolf_Landolf Leopold_Leopold Liudolf_Ludolf Liutbert_Lutbert Liutbrand Liutpold_Leopold Lothar_Lothair Ludolf_Ludolf Ludwig_Louis Lutbert_Lutbert
            Magnus_Magnus Manegold Manfred_Manfred Markward_Markward Martin_Martin Matthias_Matthew Meinhard Michael_Michael Nikolaus_Nicholas Norbert_Norbert
            Otto_Otto Peter_Peter Philipp_Philip Poppo Radbot_Radbot Reinhard_Renard Reinhold_Reginald Rudolf_Ralph Ruprecht_Robert Rutger_Roger Siegfried_Siegfried
            Sieghard Siegmund_Sigmund Sigismund_Sigmund Simon_Simon Stefan_Stephen Theodorich_Thierry Thietmar_Dietmar Thomas_Thomas
            Udalrich_Ulrich Ulrich_Ulrich Viktor_Victor Waldemar_Vladimir Walram_Walram Walther_Walter Welf_Lupo Wenzel_Vaclav Werner_Werner Wido_Guy
            Wigerich Wilhelm_William Wolfgang Wolfram_Wolfram

Adeqisio Adoric Agimadus Agriulfum Alamiro Algaster Anila Ansuario Argiovitus Ariamir Arosinda Audeca
            Badamundus Baldemarius Balderedo Baltarius Baudemiro Becilla Berteiro Bonesindus Boniza Cagildo Cartemiro
            Chararici Commundus Crodemiro Dagaredus Daildus Damiro Docemiro Donazarius Donegildus Dulcemirus Eboric
            Egenio_Eugene Eimiro Eirigu Eisindus Eldegotus Eldesindus Elperico Engomiro Ensaldus Ermaric Evosindo Fagildus
            Felmiro Fralenko Framuldo Francolino Fredoaldus Froatingus Fromildus Frumeiro Gardingus Gaudesindo Gomedei
            Gomulfus Gresumarus Gudesteus Gumarius Gundivaldo Guntato Gunterotis Heremigar Hermeric Hespanisco Hildemir
            Hilderic Hunisco Huniscus Leodegasti Leoderigus Leodulfus Leovaldo Lodemiro Magitus Malaredus Malaric Maldras
            Marcosendus Massilan Mervigius Miro Moderido Nandaricus Nantildo Neufila Nitigis Notarius Odamiro Odemundus
            Odericus Onemiro Onoricus Osdulfus Osorico Ostromirus Otualdo Pabregildus Pantard Pantinus Pappinus Pederagildu
            Pennio Pipinus Provaredo Quedesendo Quedulfus Quidemiro Quidericus Ragimiro Ragolfus Rakericus Randinus
            Randuarius Ranisclus Rechiar Rechila Refulfo Reirigus Remismund Remisol Rendericus Ricardo_Richard Richimund Rodomiro
            Roelindus Romanisco Romarigus Sagatus Saxomero Segomirus Sentarius Sescutus Sisulfus Spanarius Spoderigo Suavarius
            Sunila Teobald_Theobald Teoderedus Theodemar Todegogia Trasmira Trasoldi Tumtuldo Uittimer Venedario Veremund Viamundus
            Vidraldus Villisendo Vistremiro Zamarius Zendasindo

Adam_Adam Alan_Alan Albert_Albert Alexander_Alexander Alfred Andrew_Andrew Anselm Arnold_Arnold Arthur_Arthur Aubrey Christopher_Christopher David_David Edmund_Edmund Edward_Edward Eric_Erik Eustace_Eustace Fulk_Folke Geoffrey_Godfrey George_George Gerald_Gerald Gilbert_Gilbert
            Godfrey_Godfrey Gregory_Gregory Guy_Guy Henry_Henry Hugh_Hugh Humphrey Jocelyn John_John Jordan_Jordan Laurence_Laurence Lionel Mark_Marcus Martin_Martin Matthew_Matthew Maurice Michael_Michael Nicholas_Nicholas Paul_Paul Peter_Peter Philip_Philip
            Ralph_Ralph Randolph_Ralph Reginald Richard_Richard Robert_Robert Roger_Roger Simon_Simon Stephen_Stephen Theobald_Theobald Thomas_Thomas Waleran Walter_Walter William_William

Arncytel Balthere Beorhtfrith Beorhthelm Beorhtmær Beorhtnoth Beorhtric Beorhtsige Beorhtwine_Beorhtwine Beorn_Beorn Beornræd Beornwulf
            Burgheard_Bouchard Byrhtnoth Cearl_Charles Cenfus Cenræd_Konrad Cenwulf Ceolwulf Cerdic_Caradog Copsige
            Cuthberht_Cuthbert Cuthræd Cynehelm Cynewulf Cytelbearn Eadberht Eadfrith Eadgar_Edgar Eadmund_Edmund Eadmær Eadric
            Eadræd Eadsige Eadulf_Adolf Eadweald Eadweard Eadwig Eadwine_Edwin Eadwulf_Adolf Ealdhun Ealdmund Ealdræd Ealdwine_Alwin
            Ealdwulf Eanberht Eanfrith Eanhere Eardwulf Eastmund Ecgberht Ecgfrith Gamall Godwine Gospatric Guthfrith_Godfrey Guthmund_Gudmund
            Gyrth Hacon_Hakon Harold_Harold Heahberht Hereberht_Herbert Hereweald_Hereweald Hereweard Hlothere_Lothair Hrodberht_Robert Inwær_Ingvar Leofheah Leofhelm
            Leofric Leofweald Leofwine Maccus_Maccus Morcar_Marcus Mærleswegn Offa_Uffe Onlaf_Olaf Ordgar
            Oscytel Oshere Osmund Osric Osræd Osulf_Osulf Osweald Oswine Oswulf_Osulf Petre_Peter Rædwulf_Ralph Rægenweald_Reginald Scule_Skule
            Sigeberht Sigehelm Sigeric Sigeræd Sighere Siweard_Sigurd Stigand Swegn_Sven Swithelm Swithræd Swæfræd Sæbert Sælræd Sæweald
            Sæxbald Sæxræd Thoræd Thurcytel_Torkel Thurfrith Tostig_Toste Uhtræd_Uhtred Ulf_Ulf Ulfcytel Waltheof_Waltheof Werestan_Werestan Wiglaf Wihtræd_Withred
            Wistan Wulf_Ulf Wulfgar Wulfgeat Wulfhelm Wulfhere Wulfmær Wulfnoth Wulfstan Ælfgar Ælfmær Ælfnoth Ælfric Ælfræd_Alfred Ælfsige
            Ælfstan_Alstan Ælfwald Ælfweard Ælfwig Ælfwine_Alwin Ælle_Alwin Æthelbald Æthelberht_Albert Æthelfrith_Ethelfrith Æthelhere Æthelmær_Adémar
            Æthelric Æthelræd_Ailred Æthelsige Æthelstan_Alstan Æthelweald_Æthelwold Æthelweard Æthelwine_Alwin Æthelwold_Æthelwold Æthelwulf_Adolf
            Eormenred Eorcenberht Eormenric Eadbald Rædwald

Adelbrik Aitet Aldgisl Audulf Auutet Avin Avo Avuko Avutet Bavo Bentet Bernhard_Bernard Blekulf Blithulf Brunhard
            Bubo Bôio Edulf_Adolf Egildeg Eilbern Eilherd Eilulf Eilward Eldei Elderd Elhard Engilbald Enhard Entet Esulf Euitet
            Euuerhard Eðelbern Eðelulf Eðelwi Focko Folcbald Folkbern Folkhard Folkward Frethirik Frethold Frethuhard Frethwi
            Frithunath Geldulf Geltet Gerbald_Gerald Gerbrand Gerbruht Gerdeg Gerhard_Gerard Gerold_Gerald Gerulf Gerwar
            Gosse Habo Haring Hathuward Hebetet Helibad Hessel Hobern Hoitet Hroðhard Hroðward Juw_Julius Liaftet Liudbad
            Liudbald Liudger Liudgod Liudulf_Ludolf Liudward_Liutward Liuppo_Lupo Lubbiko Magnus_Magnus Meginbraht Meginhard
            Meginulf Meintet Menbold Menfrid_Manfred Menger Menhard Menhold Meniko Mentet Menward Merulf Miginward Notheri
            Occo Odo_Otto Osnath Osnoð Popetet Poppo Raeddeg Rauantet Redbad Reginhard_Reginald Reinbern_Reinbern Reinier_Rayner
            Renhard_Renard Renward Riklef Rikwi Rodbern Saco Salaco Sibod Sibraht Sidei Sikke_Sicco Silef Siward_Sigurd Siwi
            Sjoerd_Sigurd Sytse Taco Tadaco Tado Thancward Thankbern Thiadbold_Theobald Thiadbrund Thiaddi_Thaddeus Thiaderd
            Thiadulf Thiadward Thiadwi Thiedold Thonkrik Wambald Wening Wentet Wibad Wibraht Wibrund Wiftet Wigbald Wigerd
            Wihard Wilbrand Wilco Wiltet Wulfnoth Ygo

Édouard_Edward Érrard Étienne_Stephen Adalbert_Albert Adémar Adrien Aimery_Aymeric Alain_Alan Aldebert_Albert Aldéric Alphonse_Alphonse Amaury_Amalric
            Amédée Ancel André_Andrew Angelbert Antoine_Antoninus Archambaud_Archibald Arnaud_Arnold Arnault_Arnold Arnoul_Arnulf Aubry Aymar Barthélémi_Bartolomeus
            Baudouin_Baldwin Benoît_Benedict Bérenger_Berengar Bernard_Bernard Bertrand_Bertrand Bohemond Boson_Boson Bouchard Centule_Centule Charles_Charles
            Clotaire Ebbon Enguerrand Eudes_Otto Eustache_Eustace Evrard Foulques_Folke François_Francis Frédéric_Frederick Géraud_Gerald Gargamel Gaucher Gaucelin_Joscelin
            Gauthier_Walter Geoffroy_Godfrey Géraud_Gerard Gelduin Gilbert_Gilbert Gilles_Egidius Godefroy_Godfrey Guichard Guiges Guilhem_William Guillaume_William
            Guy_Guy Hélie Hamelin Henri_Henry Herbert Hildebert Hugues_Hugh Humbert_Humbert Jacques_Jacob Jaufré_Godfrey Jaspert Jean_John Josselin_Joscelin
            Jourdain_Jordan Julien_Julian Léon Léonard Lothaire_Lothar Louis_Louis Loup_Lupo Manassès Mathieu_Matthew Maurice Nicolas_Nicholas Ogier Onfroy Orson Othon_Otto
            Payen_Pagan Philippe_Philip Pierre_Peter Raimbaut Raoul_Ralph Raymond_Raymond Raynaud_Reinhold Renaud_Reinhold Richard_Richard Robert_Robert Robin Roger_Roger
            Rorgon Rorgues Roubaud Savary Sigismond_Sigmund Simon_Simon Thibault_Theobald Thiébaut_Theobald Thierry_Thierry Thomas_Thomas Valeran Yves

Abbondanzio Abbondio Abelardo Abelino Achille Adalberto_Albert Adelfo Adelmio Adelmo Adone Adriano Agapito Agostino Aimone Alamanno Alarico
            Albano Alberico Alberto_Albert Albino Alboino Alcide Aldobrandino Aleardo Aleramo Alessandro_Alexander Alessio Alighiero Alvise Ambrogio Amedeo Anastasio  Andrea_Andrew Angelo_Angel Annibale Anselmo Antonino_Antoninus Antonio_Antoninus Antoniotto Arcibaldo Arderico Armando Arnolfo  Arrigo Arsenio Artemio Ascanio Astorre
            Atenolfo Attilio Augusto Aurelio_Aurelius Ausilio Ausonio Averado Azzo Azzone Baldassarre Baldovino_Baldwin Barnaba Bartolomeo_Bartolomeus Basilio_Basil Bassiano Basso
            Battista Beltrano Benedetto_Benedict Benvenuto Berardo Bernabò_Bernard Bernardo_Bernard Berto Bertoldo Biagio Bonaventura Bonifacio_Bonifacius Borso Bruno Bruto Buonconte
            Buoso Callisto Camillo_Camillus Candido Cangrande Carlo Cassio Castore Cataldo Catone Cecco Cesare Chiaffredo Chiano Ciro Ciuccio Claudio Clemente_Clement
            Comita Conone Cornelio_Cornelius Corradino Corrado_Konrad Cosimo Cosma Costante Costantino Costanzo Cristoforo_Christopher Damiano_Damian Davide_David Demetrio_Demetrius Dioniso_Dionysus Doménico_Dominic
            Durante Eduardo_Edward Elio Emmanuele_Manuel Ennio Enrico_Henry Enzio Enzo Ercole Eriprando Ermenegildo Ettore Eugenio_Eugene Ezio Ezzelino Fabrizio Fausto Federigo_Frederick
            Felice_Felix Ferdinando_Ferdinand Ferruccio Filippo_Philip Fiorello Flavio Folco_Folke Fortunato Fosco Francesco_Francis Fresco Gabriele Gabrino Gaetano Galasso Galeazzo
            Galeotto Gaspare Gastone_Gaston Gelasio Gentile Geraldo_Gerald Gerardo_Gerard Germano Gerolamo Gherardo Giacinto Giacomo Gian Gianfranco Gianleone Giano
            Giberto Gilberto_Gilbert Giolio Giordano Giorgio_George Giovanni Giulio Giuseppe Goffredo_Godfrey Gregorio_Gregory Gualtiero Guarnito Guerrino Guglielmo Guido_Guy Guidone_Guy
            Guigliadore Iacopo Igino Innocenzo Ippolito Isnardo Jacopo_Jacob Lamberto_Lambert Landolfo Landone Lanfranco Lattanzio Lazzarino Lazzaro
            Lealdo Leonardo Leone_Leo Leonello Leopoldo Libero Lionello Livio Lodovico Lorenzo Luca Luchino Lucio_Lucius Luigi Malacresta Manfredo Manuele_Manuel
            Marco_Marcus Mariano_Marius Marino Mario_Marius Marsiglio Martino_Martin Massimo Mastino Matteo_Matthew Merigo Michelangelo Michele_Michael  Napoleone Nazareno Nestore Niccolò Nicola
            Nino Nolfo Oberto Obizzino Obizzo Oddone Omero Onorio Oreste Orlando Ottavio Ottobono Ottone_Otto Pagano Pancrazio Pandolfo Paolo Pasquale_Pascal
            Patrizio_Patrick Pellegrino Pericle Pietro_Peter Pio Prospero Rafaello Radul Raimondo_Raymond Rainero Raineri Riccardo_Richard Rinaldo_Reinhold Rizzardo Roberto_Robert Rodolfo Rolando
            Rosso Ruggiero Salinguerra Salvatore Salvestro Sante_Sancho Saverio Sciarra Sebastiano_Sebastian Secondotto Serafino Sergio Sesto Settimio Severino Severo
            Silvano Silvestro Simone_Simon Simonetto Sinibaldo Sinucello Sozzo Spinetto Stefano_Stephen Stentore Taddeo Tedaldo Tedice Teodoro Tibaldo_Theobald Tiziano Tommaso
            Torgodorio Torquato Ubaldo Uberto Ugo_Hugh Ugoccione Ugolino Umberto_Humbert Urbano Valentino_Valentin Valerio Vincentello Vincenzo_Vincent Virginio Vitale Vittore Vittorio Zaccaria

Aemilian Aemilius Aetius Albinus Alexander_Alexander Anastasius_Anastasius Anicius Annius Antoninus Antonius_Antonius Arcadius Aurelian Aurelius
            Avitus Belisarius_Belisarius Britannicus Caecilius Caesar_Caesar Carinus Carus Cassius Claudius Clementius Constans_Constans Constantine_Constantine
            Constantius_Constantius Cornelius Crassus Decimus Decius Diocletian Domitian Domitius Drusus Ennodius Fabianus Fabius Faustus Felix Flavianus Florian
            Gaius Galerius Gallienus Gallus Germanus_Germanus Gordian Gracchus Gratian Hadrian_Adrian Herculius_Heracles Honorius Joannes_John Jovian
            Julian_Julian Julius Julius-Caesar Junius Justin_Justin Justinian_Justinian Leo_Leo Leontius_Leontius Liberius Licinius Lucius Magnus_Magnus Marcellinus
            Marcellus Marcian Marcus_Marcus Marinus Marius Martinus Maximian Maximinus Maximus_Maximus Nepotian Nerva Numerian Octavianus Octavius Otho
            Paulinus Paulus_Paul Petronius Philip_Philip Pompeius Pontianus Priscus Probus Publius Quintus Romanus_Roman Romulus Rufinus Rutilius Sabinianus
            Saturninus Sempronius Septimius Sergius_Sergius Severinus Severus Sextus Symmachus_Symmachus Tacitus Theodosius_Theodosios Tiberius_Tiberius
            Titius Titus Trajan_Trajan Urbanus Valens Valentinian Valerian Valerius_Valerius Venantius Vespasian Victor Victorinus Vigilius Vitalianus Volusianus

Alfontso_Alphonse Alvar_Oliver Antso_Sancho Aznar_Aznar Belasko_Vasco Bermudo_Vermudo Bernart_Bernard Diego_Diaco Donato_Donatus Egidio_Egidius
            Eneko_Inigo Erramun_Raymond Fernando_Ferdinand Fortun Galindo_Galindo Gartzia_Garcia Gilen_William Gontzal_Gonzalo Herramel Joanes_John
            Ladron Lope_Lupo Luis_Louis Manrike_Amalric Martín_Martin Munio_Munio Nuño_Nuno Obeko_Obeko Ordoño_Ordono Pelaio_Pelagius Piarres_Peter
            Ramiro_Ramiro Rodrigo_Roderick Vela_Vela Ximeno_Simon Zentulo_Centule

Alfonso_Alphonse Alonso_Alphonse Álvar_Oliver Álvaro_Oliver Bermudo_Vermudo Diego_Diaco Enrique_Henry Fadrique_Frederick Felipe_Philip Fernando_Ferdinand
             Fruela_Froila García_Garcia Gil_Egidius Gómez_Gomez Gonzalo_Gonzalo Guillén_William Guillermo_William Gutierre_Walter Juan_John Lope_Lupo Luis_Louis
            Manrique_Amalric Martín_Martin Munio_Munio Nuño_Nuno Ordoño_Ordono Oveco_Obeko Pedro_Peter Pelayo_Pelagius Ramiro_Ramiro Rodrigo_Roderick
            Salvador Sancho_Sancho Suero_Suero Tello Vela_Vela

Afonso_Alphonse Aires Álvaro_Oliver Bermudo_Vermudo Diogo_Diaco Egas Estêvão_Stephen Fernão_Ferdinand Fernando_Ferdinand Garcia_Garcia
            Gil_Egidius Gomes_Gomez Gonçalo_Gonzalo Guterre_Walter Henrique_Henry Hermígio João_John Lopo_Lupo Lourenço_Laurence Martim_Martin
            Mem_Mendo Mendo_Mendo Monio_Munio Muno_Munio Nuno_Nuno Paio_Pelagius Pedro_Peter Pero_Peter Pôncio_Pons Rodrigo_Roderick Rui_Roderick
            Sancho_Sancho Soeiro_Suero Raimundo_Raymond Vasco_Vasco Vicente_Vincent

Abas Abirad Aboughamr Aboulgharib Aleksandr_Alexander Artashes Artashir_Ardeshir Artavazd Arsen Arshak Ashot_Ashot Athom Atrnerseh_Atrnerseh Avag Avedis Bagour_Bagour Bagrat Bedros_Peter Boghos_Paul Davit_David Eshkhan Gagik_Gagik Gevorg_George
            Gosdantin_Constantine Grigor_Gregory Gurgen_Lupo Hagop Hamazasp Hethum Hovhannes_John Hovsep_Joseph Ishkhan_Ishkhan Ivane Kapriel_Gabriel Khachik Khosrov_Khosrau Levon_Leo Malkhas_Malkhas Mamigon Manuel_Manuel Margos_Marcus Melek Mihrdat_Mithridates Mikayel_Michael Mleh Mushegh Mushel Mzhezh
            Nerseh_Narses Oshin Roupen_Reuben Sahag_Isaac Sarkis_Sergius Sevag Shahanshah_Shahanshah Smbat_Smbat Stepanos_Stephen Tachat Taniel_Daniel Tatoul Tigran Tornik_Tornik Tovmas_Thomas Thoros_Theodore Trdat Vache Vachagan Vagharshak Vahag Vahan Vahram Vakhtank Varazdat Vartan Vassak Vesd Vrtanes Zakare Zarmihr

Adrianos_Adrian Akakios Alexandros_Alexander Alexios_Alexis Anastasios_Anastasius Anatolios Andreas_Andrew Andronikos_Andronicus Anthemios Anthimos Antiochos Antonios_Antonius Apollonios Arsenios Artemios Athanasios_Athanasius Bardas
            Bartholomaios_Bartolomeus Basileios_Basil Belisarios_Belisarius Boethios Bosporios Christophoros_Christopher Chrysanthos Chrysogonos Damianos Daniel_Daniel David_David Demetrios_Demetrius Diogenes Dionysios_Dionysus Dorotheos Eirenaios Eudoxios Eustratios
            Eugenios Euphemios Eusebios Eustathios_Eustace Evangelos Gabriel_Gabriel Gennadios Georgios_George Gerasimos Germanos_Germanus Gregoras_Gregory Gregorios_Gregory Hektorios Helias Herakleios_Heracles Hierotheos Himerios
            Hippolytos Hypatios Iakobos_Jacob Ignatios_Ignatius Innokentios Ioannes_John Ioannikios Iordanes Ioseph_Joseph Isaakios Isaias Isidoros Ioulianos_Julian Ioustinianos_Justinian Ioustinos_Justin Kaisarios_Caesar
            Kallinikos Kallistos Komitas Konstantinos_Constantine Konstantios_Constantius Konstas_Constans Kosmas_Cosmas Kyriakos Kyrillos_Cyril Kyros Laurentios_Laurence Lazaros Leon_Leo Leontios_Leontius Loukas Makarios Manuel Markos_Marcus
            Matthaios_Matthew Maurikios Maximos_Maximus Megistos_Magnus Meletios Methodios Michael_Michael Narses Neophytos Nikephoros Niketas Nikodemos Nikolaos_Nicholas Niphon Orestes Pamphilios Pankratios Pantoleon Paschalis
            Pavlos_Paul Pelagios_Pelagius Petros_Peter Philaretos Philippos_Philip Philotheos Phokas Photios Polykarpos Porphyrios Prokopios_Procopius Pyrros Raphail Romanos_Roman Sabas Samuel_Samuel Serapion Sebastianos_Sebastian Sergios_Sergius Stephanos_Stephen
            Staurakios Symeon_Simon Symmachos_Symmachus Theocharistos Theodoros_Theodore Theodosios_Theodosios Theodotos_Theodat Theodoulos Theoktistos Theophanes Theophilos Theophylaktos Thomas_Thomas Tiberios_Tiberius Traianos_Trajan
            Timotheos Tryphon Valerios_Valerius Zacharias Zenobios Zenon

Ælbeg Æmbalan Aghsartan Alatey Akhsar Anbal Anbazuk Aravat Arsen Askhkadar Ashot_Ashot Aslan Aspar Athom Balambar Balsag Barlah Bæqætar Basil_Basil Bazuk Beler Ber Biræg Boz-Uruz Buürgur Buriberdi
            Burikhan Candak Chelakhsartag Davit_David Djadaron Durgulel Dzæræs Gætæg Georgy_George Girgon Gokhar Gubaz Guram_Guaram Hasqar Huddan Istor Itaz Iveri Kandak Kandz Kavtia Kaur
            Khankhusy Khætag Konstantin_Constantine Kubal Kuddana Kul Kuluk Lak Levan_Leo Pulad Respendial Rosmag Safrak Sakhir Sangipan Saros Sathis Savkudz Soslan Suarn Syrdon Taymuraz_Teimuraz Taus Totraz Urdure Uruzma Uturku Yasynya Zaur

Aaron_Aaron Abbán Abner_Abner Abél_Abel Adomnán Áed_Hugh Áedgen Áeducán Áedán_Hugh Áengus_Angus Affiath Ailbe Ailbrend Ailbrenn Ailchú Aildobur Ailgel Áilgenán Ailgus
            Ailill Ailpín_Alwin Ainbchellach Áindle Ainftech_Enfidaig Ainmere Airechtach Airfhindán Airfhinnán Airleid Airmedach Amalgaid Amlaíb_Olaf Anfudán Anlón Anmchaid Ánrothán Ardgal
            Ardgar Art_Arthur Artbran Artgal Artgus Artucán Artúr_Arthur Assiucc Augaire Augustín_Augustine Aurthuile Báethgalach Báethíne Báetán Béoáed Barrfhind Beccán Berrach Bhátair_Walter
            Blathmacc Bran_Bran Brandub Brangen Bressal Brian_Brian Briccéne Briccíne Broccán Bruatur Bruide_Bride Brénaind Brénainn Bróen Búaidbéo Caicher Cailech Cailte Cairbre_Carbrey
            Cairell Caisséne Caissín Caissíne Canann Canannán Carlus_Charles Cathal Cathalán Cathassach Cathbad Cathmáel Cathmál Cathnio Cathub Causantín_Constantine Caílte Caínchomrac
            Caíndelbán Ceithernach Cellach Cellachán Cennétig_Kentigern Cenn-Fáelad Cennlachán Cerball Cernach Cernachán Cian Ciarán Cilléne Cillíne Cináed_Kenneth Clemens_Clement Cobthach
            Coirpre Colcu Colmán_Nicholas Columb_Nicholas Comgán Conaing Conall_Conall Conallán Conamail Conán_Conan Conchenn Conchobar Condla Congal Congalach Congus Conlang Conmac Conmacc
            Conmáel Conmál Conn_Conn Connla Conrí Constans_Constantius Constantín_Constantine Corbb Corbán Corccán Corcrán Cormac Coscrach Coílboth Crimthann Crundmáel_Crundmáel Cruinnmáel_Crundmáel
            Críchán Crónán Cuilén Cuindles Cuircthe Cummascach Cáemán Cóelbad Cóelub Cóemán Cú-Allaid Cú-Bretan Cú-Caech Cú-Cen Cú-Cen-Máthair Cú-Cúaráin Cú-Gamna Cú-Roí Cúanu Cúldub Cúán
            Cúánán Dabíd_David Daigre Dalbach Dallán Daniél_Daniel Dathal Dathgus Demmán Diarmait_Dermid Doedgus Domangart Domnall_Donald Donn Donnchad_Duncan Donncuan_Duncan Donndubán Donngal
            Donnucán_Duncan Doélgus Drost Drust Dub-dá-Lethe Dubcenn Dubgenn Dubh_Duff Dubhghall_Dugald Dubhglais_Douglas Dubthach Dubáed Dubán Duiblesc Duibne Dunáed Dálach Dícuill Díglach Dímmae
            Dímmasach Dímmán Dínertach Dúnacán Dúnadach Dúnchad_Duncan Dúngal Dúngalach Dúnlang Éamonn_Edmund Echmarcach Échtgal Échtgus Echthigern Echuid Éicnech Éicnechán Eláir Énna Énri_Henry Éochad
            Eochaid_Eochaid Eochu Eochucán Éogan_Eugene Erc_Eric Ercaid Ercáed Ercán Éremón Érennach Ernán Eterscél Eógan_Eugene Eóganán_Eugene Fachtna Fairchellach Fallaman Farannán Faílbe Fearghus_Fergus
            Fechtnach Fedach Fearchar_Farquhar Fedelmid Feirgil Felic Fer-Fugaill Feradach_Feradach Ferdomnach Fergal Fergus_Fergus Fiachnae Fianchú Findbarr Fingen Finguine Finn_Finn Finnacán Finnbarr
            Finnchú Finnlagh_Findlay Finnsnechtae Fintan Flaithbertach Flaithem Flaithemán Flaithgus Flaithrí Flann Flannacán Flannchad Flannán Fogartach Folachtach Forannán Forbassach Fothad Fothud
            Fuacarta Fubthad Fuirechtach Fursu Fáelcar Fáelchad Fáelchú Fáeldobur Fáelgus Fáelán Fáelbe Fíachnae Fíadchú Fíngin Fínsnechta Fócarta Gabrán Garalt Garbith Gilla-Íosa Gilla-Brígte_Gilbert
            Gilla-Coluim Gilla-Comgáin Gilla-Críst_Gilchrist Gilla-na-Náem Gilla-Pátraic_Gilpatrick Gilla-Ruad_Gilroy Glaisiuc Glaschu Glún-Iairn Gofraid_Godfrey Gormacán Gormgus Gormán Guaire Gáethán
            Gáethíne Gósacht Iacob_Jacob Iarlaithe Imchad Indrechtach Ioseph_Joseph Íomhar_Ivar Labraid Lachtnae Lachtnán Lachtnéne Laidcenn Laidgenn Laidíne Laisrén Lennán_Lennon Lethlobur Liam_William
            Liber Lochlann Loingsech Lonán Lorcán Lugh_Leon Lugaid Lugáed Láegaire Lóchéne Lóchíne Lóeguire Mac-Laisre Mainchíne Maine Manchán Martan Mathgamain Matudán Minchán Mo-Chonna Mo-Lua Móenach
            Morand Morann Mugrón Muirchertach Muirecán Muiredach_Murdoch Muirgius Murchad Murchú Máel-Anfaid Máel-Bresail Máel-Brígte Máel-Cein Máel-Cianáin Máel-Ciaráin Máel-Coluim_Malcolm Máel-Corgis
            Máel-Dubh_Maldoven Máel-Dúin Máel-Fothartaig Máel-Fábaill Máel-Íosa_Malise Máel-Máedóc Máel-Martain Máel-Mórda Máel-Muire_Malmure Máel-Míchíl Máel-Petair Máel-Pátraic Máel-Ruanaid Máel-Sechnaill
            Máel-Tólai Máelán Máenach Máthair Múadán Nadarchu Nannid Natfraech Natfraich Natsluaig Nechtan_Nathan Niall_Nigel Niallgus Niallán Nuadu Odrán Óengus_Angus Óenucán Oisséne Oissíne Olcán Ólchobar
            Onchú Orthanach Oscar_Oscar Pátraic_Patrick Petair_Peter Pilib_Philip Pól_Paul Proinsias_Francis Rechtabra Riacán Riaguil Robartach Rogallach Rogellach Ruah_Roy Ruaidrí_Roderick Ruarcc Rumann
            Ráthach Rígán Ríán Ródán Rónchú Rónán_Ronan Rúadacán Rúadán Scandal Scandlán Scellán Scolaige Séaghdha_Shaw Séafra_Godfrey Séamas_Jacob Seán_John Sechnassach Selbach Senchán Seoán_John Sinach
            Siothrún_Godfrey Slébíne Snedgus Sogan Somhairle_Somerled Suibne_Sweeny Sáerbrethach Sárán Séigíne Sétna Sétnae Tadg_Tadg Taithlech Talorc_Talore Talorcán_Talorcán Temnén Tigernach Tigernán
            Tipraite Tomaltach Tomás_Thomas Torccán Trenchad Trengus Tressach Tuathalán Tuireann_Taran Tálán Tóla Túathal_Tuathal Ualgarg Ualan_Valentin Ualtar_Walter Úamnachán Uargal Uargalach Uargus
            Uilliam_William Ultán

Adam_Adam Alpin_Alwin Alan_Alan Alastair_Alexander Alexander_Alexander Andrew_Andrew
            Angus_Angus Archibald_Archibald Arthur_Arthur Arran Aulay_Olaf Beathan Brian_Brian Brice_Brice Cailean_Nicholas Calum_Nicholas Carbrey_Carbrey Colban_Kolbein
            Colin_Nicholas Conall_Conall Conan_Conan Constantine_Constantine David_David Dermid_Dermid Donald_Donald Douglas_Douglas Duff_Duff Dugald_Dugald
            Duncan_Duncan Edgar_Edgar Edward_Edward Edwin_Edwin Eric_Eric Evander_Ivar Ewan_Eugene Farquhar_Farquhar Fergus_Fergus Fingal_Finn Findlay_Findlay Frang_Francis
            Gavin_Gavin Gilbert_Gilbert Gilbride_Gilbert Gilchrist_Gilchrist Gillespie Gilpatrick_Gilpatrick Gilroy_Gilroy Giric_Gregory Glenn Godfrey_Godfrey Gregor_Gregory
            Hamish_Jacob Hector_Hector Henry_Henry Hugh_Hugh Iain_John Indulf James_Jacob John_John Kenneth_Kenneth Kentigern_Kentigern Lachlan_Roland Laurence_Laurence Lennon_Lennon
            Lulach Macbeth Magnus_Magnus Malcolm_Malcolm Maldoven_Maldoven Maldred_Maldred Malise_Malise Malmure_Malmure Maoilios Marcas_Marcus
            Matad_Matad Matthew_Matthew Michael_Michael Morgan_Morgan Muir Mungo_Mungo Murdoch_Murdoch Murray Neil_Nigel Ninian_Ninian Oscar_Oscar
            Patrick_Patrick Paul_Paul Peter_Peter Philip_Philip Radulf_Ralph Ranald_Reginald Richard_Richard Robert_Robert Roderick_Roderick Ronald_Ragnvald Rory_Roderick Ross Roy_Roy
            Shaw_Shaw Simon_Simon Somerled_Somerled Stephan_Stephen Sweeny_Sweeny Tadhg_Tadg Talore_Talore Thomas_Thomas Torquil_Torkel Uhtred_Uhtred Uisdean_Eysteinn Walan_Valentin
            Waldeve_Waltheof Walter_Walter William_William

Adda Adgar_Edgar Adran_Adrian Aeddan_Hugh Alan_Alan Aldwr_Aldroenus Algwyn_Alwin Alisander_Alexander Alured_Alfred Alwyn_Alwin Anarawd
            Andreas_Andrew Aneurin Anlaff_Olaf Anllech Annwn_Antoninus Argad_Arcadius Arod Arthen_Artemius Arthfael Arthfoddw_Arthbodus Arthwr_Arthur
            Arthws Arthwys_Artorius Asa Asaph Awst_August Bangar Bedwyr Beli_Beli Berthgwyn_Berhtwine Berthwallt_Berthoald Bleddyn_Bleddyn Bledrig_Bledrig
            Bleiddud_Bleiddud Branwaladr_Branwaladr Bride_Bride Briog_Briog Brochfael_Brogmaglus Brwt_Brutus Brwyn Brychan_Brychan Brân_Bran Cadell Cadeyrn
            Cadfael Cadfan Cadog_Cadog Cadw_Cadw Cadwal Cadwaladr_Cadwaladr Cadwallon_Cadwallon Cadwared_Cadwared Cadwgan Cadwr_Cadwr Cai_Gaius Caid Cain
            Caradog_Caradog Casnar Caswallon Cawdaf Cedig_Caedicius Cedwyn Ceneu Ceredig_Caratacus Clydog_Louis Coel Corentin_Corentin Cuhelyn
            Custennin_Constantine Cwlfyn_Culmin Cwrig_Cyriacus Cydifor Cydrych Cynan_Conan Cynddelw_Cynddelw Cyndyddan_Cyndyddan Cynddylan Cyndeyrn_Kentigern
            Cynfael_Cynfael Cynfarch_Cynfarch Cynfawr Cynfeddw Cynfelyn_Cynfelyn Cynfran Cynfyn Cyngar_Cyngar Cyngen_Cyngen Cynwallon_Cynwallon Cynwared
            Cynwrig Cynwyd Cynyr Cysteint_Constans Dafydd_David Deheuwant Deiniol_Daniel Dewi_David Dogfael Drystan_Tristan Dumnagual Dwyfan_Damian
            Dyfnarth_Donyarth Dyfnwal_Donald Dyfnwallon_Dyfnwallon Dynod_Donatus Dywel_Dywel Edern_Eternus Ednyfed_Ednyfed Ednywain Edryd_Ailred Edwyn_Edwin
            Edylfred_Aethelfred Einion Elfin_Alwin Elidyr Elis Elisedd Elud Elystan_Alstan Emrys_Ambrosius Enfidaig_Enfidaig Erb_Urban Erclwf_Heracles
            Eudaf_Octavius Ewyas Ffernfael_Ffernfael Ffilip_Philip Ffriog_Friog Ffwdwr Fragan_Fragan Ffransis_Fransis Fychan Fyrsil Gamon Garmon_German
            Geraint_Gerontius Gerallt_Gerald Glwyddien Glywys_Claudius Godwyn_Godwin Goronwy Gronw Gruffydd_Ruffinus Grygor_Gregory Guret Gwalchmai_Gavin
            Gwen Gwenwynwyn Gwerstan_Werestan Gwerthefyr_Vortimer Gwerthern_Vortigern Gwydol_Vitalis Gwydolin_Vitalinus Gwyn_Finn Gwidyr Gwilym_William
            Gwrfawr_Gwrfawr Gwrfoddw Gwrgant_Fergus Gwrgeneu_Gwrgeneu Gwrgi_Gwrgi Gwriad_Viriathius Harri_Henry Herewallt_Hereweald Huw_Hugh Hywel_Hywel
            Iago_Jacob Ivor_Ivar Idnerth_Idnerth Idwal_Idwal Idwallon_Idwallon Iestyn_Justin Ieuan_John Ifor_Ivar Io Ioan_John Iolo Iorwerth Ithel_Ithel
            Lles_Lucius Llew_Leon Llyr Llywarch_Llywarch Llywelyn Macsen_Maximos Madog_Matad Mael_Mael Maelcwn_Malcolm Maelgwn_Melgwn Maenyrch March_Marcus
            Maredudd_Murdoch Math_Matthew Mawgan_Mawgan Meilyr Meirchion_Marcianus Meiriadog_Meriadoc Meirion_Marianus Merfyn_Merfyn Meurig_Maurice
            Mihangel_Michael Morfarch_Morfarch Morgan_Morgan Morien_Morgen Morydd Mwyn_Mungo Myrddin_Martin Neithon_Nathan Nowy_Nowy Nynniaw Oswallt_Oswald
            Owain_Eugene Oucydd_Eochaid Padern Padrig_Patrick Pandoff Pasgen_Pascentius Padarn_Paternus Pawl_Paul Pedr_Peter Peredyr Publig Pyr
            Rheinallt_Reginald Rhicert_Richard Rhigeneu_Ricenus Rhirid Rhiwal_Riwal Rhiwallon_Rhiwallon Rhobert_Robert Rhodri_Roderick Rhufon_Roman
            Rhun_Rucenus Rhydderch_Roderick Rhydog Rhys Riaged_Riacet Richwin_Richwin Sandde_Sanctus Sawyl_Samuel Seferus_Severin Seisyll_Cecil Selyf_Solomon
            Senyllt Serigi_Sergius Sieffre_Godfrey Sion Sior_George Siwauna Steffen_Stephen Stinian_Justinanius Sulien_Julian Taliesin_Telesinus Tegonwy
            Tegwyd_Tadg Teilo Teithfalch Teudebur Tewdos_Theodosius Tewdrig_Theodoric Tewdwr_Theodore Tomos_Thomas Trahaearn Tudur Tudwal_Tuathal
            Tudwallon_Tudwallon Tydy Tyfoedd Tysilio Urien_Urbgenius Uthyr_Victor Ynyr_Honorius Ysfael